<?xml version="1.0" encoding="UTF-8"?><ValueSet xmlns="http://hl7.org/fhir"><id value="hepatitis-condition-status-trend-vs"/><text><status value="generated"/><div xmlns="http://www.w3.org/1999/xhtml"><ul><li>Include these codes as defined in <a href="http://www.snomed.org/"><code>http://snomed.info/sct</code></a><table class="none"><tr><td style="white-space:nowrap"><b>Code</b></td><td><b>Display</b></td></tr><tr><td><a href="http://snomed.info/id/260415000">260415000</a></td><td>Not detected (qualifier)</td></tr><tr><td><a href="http://snomed.info/id/268910001">268910001</a></td><td>Patient condition improved (finding)</td></tr><tr><td><a href="http://snomed.info/id/359746009">359746009</a></td><td>Patient&#39;s condition stable (finding)</td></tr><tr><td><a href="http://snomed.info/id/271299001">271299001</a></td><td>Patient&#39;s condition worsened (finding)</td></tr><tr><td><a href="http://snomed.info/id/709137006">709137006</a></td><td>Patient condition undetermined (finding)</td></tr></table></li></ul></div></text><url value="http://example.com/fhir/example/ValueSet/hepatitis-condition-status-trend-vs"/><version value="0.1.0-test"/><name value="HepatitisConditionStatusTrendVS"/><title value="Condition Status Trend Value Set"/><status value="active"/><date value="2022-03-09T11:22:06+00:00"/><publisher value="Hepainformatics"/><contact><telecom><system value="url"/><value value="http://hepainformatics.hepafhir.org"/></telecom></contact><description value="How patient&#39;s given disease, condition, or ability is trending."/><jurisdiction><coding><system value="http://unstats.un.org/unsd/methods/m49/m49.htm"/><code value="001"/></coding></jurisdiction><compose><include><system value="http://snomed.info/sct"/><concept><code value="260415000"/><display value="Not detected (qualifier)"/></concept><concept><code value="268910001"/><display value="Patient condition improved (finding)"/></concept><concept><code value="359746009"/><display value="Patient&#39;s condition stable (finding)"/></concept><concept><code value="271299001"/><display value="Patient&#39;s condition worsened (finding)"/></concept><concept><code value="709137006"/><display value="Patient condition undetermined (finding)"/></concept></include></compose></ValueSet>