{"resourceType":"StructureDefinition","id":"ViralHepatitisModel","text":{"status":"extensions","div":"<div xmlns=\"http://www.w3.org/1999/xhtml\"><table border=\"0\" cellpadding=\"0\" cellspacing=\"0\" style=\"border: 0px #F0F0F0 solid; font-size: 11px; font-family: verdana; vertical-align: top;\"><tr style=\"border: 1px #F0F0F0 solid; font-size: 11px; font-family: verdana; vertical-align: top\"><th style=\"vertical-align: top; text-align : left; background-color: white; border: 0px #F0F0F0 solid; padding:0px 4px 0px 4px\" class=\"hierarchy\"><a href=\"http://hl7.org/fhir/R4/formats.html#table\" title=\"The logical name of the element\">Name</a></th><th style=\"vertical-align: top; text-align : left; background-color: white; border: 0px #F0F0F0 solid; padding:0px 4px 0px 4px\" class=\"hierarchy\"><a href=\"http://hl7.org/fhir/R4/formats.html#table\" title=\"Information about the use of the element\">Flags</a></th><th style=\"vertical-align: top; text-align : left; background-color: white; border: 0px #F0F0F0 solid; padding:0px 4px 0px 4px\" class=\"hierarchy\"><a href=\"http://hl7.org/fhir/R4/formats.html#table\" title=\"Minimum and Maximum # of times the the element can appear in the instance\">Card.</a></th><th style=\"width: 100px\" class=\"hierarchy\"><a href=\"http://hl7.org/fhir/R4/formats.html#table\" title=\"Reference to the type of the element\">Type</a></th><th style=\"vertical-align: top; text-align : left; background-color: white; border: 0px #F0F0F0 solid; padding:0px 4px 0px 4px\" class=\"hierarchy\"><a href=\"http://hl7.org/fhir/R4/formats.html#table\" title=\"Additional information about the element\">Description &amp; Constraints</a><span style=\"float: right\"><a href=\"http://hl7.org/fhir/R4/formats.html#table\" title=\"Legend for this format\"><img src=\"http://hl7.org/fhir/R4/help16.png\" alt=\"doco\" style=\"background-color: inherit\"/></a></span></th></tr><tr style=\"border: 0px #F0F0F0 solid; padding:0px; vertical-align: top; background-color: white\"><td style=\"vertical-align: top; text-align : left; background-color: white; border: 0px #F0F0F0 solid; padding:0px 4px 0px 4px; white-space: nowrap; background-image: url(tbl_bck1.png)\" class=\"hierarchy\"><img src=\"tbl_spacer.png\" alt=\".\" style=\"background-color: inherit\" class=\"hierarchy\"/><img src=\"icon_element.gif\" alt=\".\" style=\"background-color: white; background-color: inherit\" title=\"Element\" class=\"hierarchy\"/> <a href=\"StructureDefinition-ViralHepatitisModel-definitions.html#ViralHepatitisModel\" title=\"Viral Hepatitis information model\">ViralHepatitisModel</a><a name=\"ViralHepatitisModel\"> </a></td><td style=\"vertical-align: top; text-align : left; background-color: white; border: 0px #F0F0F0 solid; padding:0px 4px 0px 4px\" class=\"hierarchy\"/><td style=\"vertical-align: top; text-align : left; background-color: white; border: 0px #F0F0F0 solid; padding:0px 4px 0px 4px\" class=\"hierarchy\"><span style=\"opacity: 0.5\">0</span><span style=\"opacity: 0.5\">..</span><span style=\"opacity: 0.5\">*</span></td><td style=\"vertical-align: top; text-align : left; background-color: white; border: 0px #F0F0F0 solid; padding:0px 4px 0px 4px\" class=\"hierarchy\"/><td style=\"vertical-align: top; text-align : left; background-color: white; border: 0px #F0F0F0 solid; padding:0px 4px 0px 4px\" class=\"hierarchy\">Viral Hepatitis Logical Model Philippines</td></tr>\r\n<tr style=\"border: 0px #F0F0F0 solid; padding:0px; vertical-align: top; background-color: #F7F7F7\"><td style=\"vertical-align: top; text-align : left; background-color: #F7F7F7; border: 0px #F0F0F0 solid; padding:0px 4px 0px 4px; white-space: nowrap; background-image: url(tbl_bck10.png)\" class=\"hierarchy\"><img src=\"tbl_spacer.png\" alt=\".\" style=\"background-color: inherit\" class=\"hierarchy\"/><img src=\"tbl_vjoin.png\" alt=\".\" style=\"background-color: inherit\" class=\"hierarchy\"/><img src=\"icon_reference.png\" alt=\".\" style=\"background-color: #F7F7F7; background-color: inherit\" title=\"Reference to another Resource\" class=\"hierarchy\"/> <a href=\"StructureDefinition-ViralHepatitisModel-definitions.html#ViralHepatitisModel.patient\" title=\"The person that has hepatitis\">patient</a><a name=\"ViralHepatitisModel.patient\"> </a></td><td style=\"vertical-align: top; text-align : left; background-color: #F7F7F7; border: 0px #F0F0F0 solid; padding:0px 4px 0px 4px\" class=\"hierarchy\"/><td style=\"vertical-align: top; text-align : left; background-color: #F7F7F7; border: 0px #F0F0F0 solid; padding:0px 4px 0px 4px\" class=\"hierarchy\">1..1</td><td style=\"vertical-align: top; text-align : left; background-color: #F7F7F7; border: 0px #F0F0F0 solid; padding:0px 4px 0px 4px\" class=\"hierarchy\"><a href=\"http://hl7.org/fhir/R4/references.html\">Reference</a>()</td><td style=\"vertical-align: top; text-align : left; background-color: #F7F7F7; border: 0px #F0F0F0 solid; padding:0px 4px 0px 4px\" class=\"hierarchy\">The person that has hepatitis</td></tr>\r\n<tr style=\"border: 0px #F0F0F0 solid; padding:0px; vertical-align: top; background-color: white\"><td style=\"vertical-align: top; text-align : left; background-color: white; border: 0px #F0F0F0 solid; padding:0px 4px 0px 4px; white-space: nowrap; background-image: url(tbl_bck10.png)\" class=\"hierarchy\"><img src=\"tbl_spacer.png\" alt=\".\" style=\"background-color: inherit\" class=\"hierarchy\"/><img src=\"tbl_vjoin.png\" alt=\".\" style=\"background-color: inherit\" class=\"hierarchy\"/><img src=\"icon_datatype.gif\" alt=\".\" style=\"background-color: white; background-color: inherit\" title=\"Data Type\" class=\"hierarchy\"/> <a href=\"StructureDefinition-ViralHepatitisModel-definitions.html#ViralHepatitisModel.allergen\" title=\"The substance - from a list of substances - that the person is allergic to. It is possible to use free text but for the products indicated, a code must be used\">allergen</a><a name=\"ViralHepatitisModel.allergen\"> </a></td><td style=\"vertical-align: top; text-align : left; background-color: white; border: 0px #F0F0F0 solid; padding:0px 4px 0px 4px\" class=\"hierarchy\"/><td style=\"vertical-align: top; text-align : left; background-color: white; border: 0px #F0F0F0 solid; padding:0px 4px 0px 4px\" class=\"hierarchy\">1..1</td><td style=\"vertical-align: top; text-align : left; background-color: white; border: 0px #F0F0F0 solid; padding:0px 4px 0px 4px\" class=\"hierarchy\"><a href=\"http://hl7.org/fhir/R4/datatypes.html#CodeableConcept\">CodeableConcept</a></td><td style=\"vertical-align: top; text-align : left; background-color: white; border: 0px #F0F0F0 solid; padding:0px 4px 0px 4px\" class=\"hierarchy\">The substance that the person is allergic to</td></tr>\r\n<tr style=\"border: 0px #F0F0F0 solid; padding:0px; vertical-align: top; background-color: #F7F7F7\"><td style=\"vertical-align: top; text-align : left; background-color: #F7F7F7; border: 0px #F0F0F0 solid; padding:0px 4px 0px 4px; white-space: nowrap; background-image: url(tbl_bck10.png)\" class=\"hierarchy\"><img src=\"tbl_spacer.png\" alt=\".\" style=\"background-color: inherit\" class=\"hierarchy\"/><img src=\"tbl_vjoin.png\" alt=\".\" style=\"background-color: inherit\" class=\"hierarchy\"/><img src=\"icon_datatype.gif\" alt=\".\" style=\"background-color: #F7F7F7; background-color: inherit\" title=\"Data Type\" class=\"hierarchy\"/> <a href=\"StructureDefinition-ViralHepatitisModel-definitions.html#ViralHepatitisModel.clinicalStatus\" title=\"The status of the hepatitis - if it is active or resolved\">clinicalStatus</a><a name=\"ViralHepatitisModel.clinicalStatus\"> </a></td><td style=\"vertical-align: top; text-align : left; background-color: #F7F7F7; border: 0px #F0F0F0 solid; padding:0px 4px 0px 4px\" class=\"hierarchy\"/><td style=\"vertical-align: top; text-align : left; background-color: #F7F7F7; border: 0px #F0F0F0 solid; padding:0px 4px 0px 4px\" class=\"hierarchy\">1..1</td><td style=\"vertical-align: top; text-align : left; background-color: #F7F7F7; border: 0px #F0F0F0 solid; padding:0px 4px 0px 4px\" class=\"hierarchy\"><a href=\"http://hl7.org/fhir/R4/datatypes.html#CodeableConcept\">CodeableConcept</a></td><td style=\"vertical-align: top; text-align : left; background-color: #F7F7F7; border: 0px #F0F0F0 solid; padding:0px 4px 0px 4px\" class=\"hierarchy\">The status of the hepatitis infection - if it is active or resolved</td></tr>\r\n<tr style=\"border: 0px #F0F0F0 solid; padding:0px; vertical-align: top; background-color: white\"><td style=\"vertical-align: top; text-align : left; background-color: white; border: 0px #F0F0F0 solid; padding:0px 4px 0px 4px; white-space: nowrap; background-image: url(tbl_bck10.png)\" class=\"hierarchy\"><img src=\"tbl_spacer.png\" alt=\".\" style=\"background-color: inherit\" class=\"hierarchy\"/><img src=\"tbl_vjoin.png\" alt=\".\" style=\"background-color: inherit\" class=\"hierarchy\"/><img src=\"icon_datatype.gif\" alt=\".\" style=\"background-color: white; background-color: inherit\" title=\"Data Type\" class=\"hierarchy\"/> <a href=\"StructureDefinition-ViralHepatitisModel-definitions.html#ViralHepatitisModel.verificationStatus\" title=\"The verification status of the hepatitis - if it is confirmed or suspected or refuted\">verificationStatus</a><a name=\"ViralHepatitisModel.verificationStatus\"> </a></td><td style=\"vertical-align: top; text-align : left; background-color: white; border: 0px #F0F0F0 solid; padding:0px 4px 0px 4px\" class=\"hierarchy\"/><td style=\"vertical-align: top; text-align : left; background-color: white; border: 0px #F0F0F0 solid; padding:0px 4px 0px 4px\" class=\"hierarchy\">1..1</td><td style=\"vertical-align: top; text-align : left; background-color: white; border: 0px #F0F0F0 solid; padding:0px 4px 0px 4px\" class=\"hierarchy\"><a href=\"http://hl7.org/fhir/R4/datatypes.html#CodeableConcept\">CodeableConcept</a></td><td style=\"vertical-align: top; text-align : left; background-color: white; border: 0px #F0F0F0 solid; padding:0px 4px 0px 4px\" class=\"hierarchy\">The verification status of the hepatitis - if it is confirmed or suspected or refuted</td></tr>\r\n<tr style=\"border: 0px #F0F0F0 solid; padding:0px; vertical-align: top; background-color: #F7F7F7\"><td style=\"vertical-align: top; text-align : left; background-color: #F7F7F7; border: 0px #F0F0F0 solid; padding:0px 4px 0px 4px; white-space: nowrap; background-image: url(tbl_bck10.png)\" class=\"hierarchy\"><img src=\"tbl_spacer.png\" alt=\".\" style=\"background-color: inherit\" class=\"hierarchy\"/><img src=\"tbl_vjoin.png\" alt=\".\" style=\"background-color: inherit\" class=\"hierarchy\"/><img src=\"icon_primitive.png\" alt=\".\" style=\"background-color: #F7F7F7; background-color: inherit\" title=\"Primitive Data Type\" class=\"hierarchy\"/> <a href=\"StructureDefinition-ViralHepatitisModel-definitions.html#ViralHepatitisModel.recordedDate\" title=\"When the hepatitis was reported\">recordedDate</a><a name=\"ViralHepatitisModel.recordedDate\"> </a></td><td style=\"vertical-align: top; text-align : left; background-color: #F7F7F7; border: 0px #F0F0F0 solid; padding:0px 4px 0px 4px\" class=\"hierarchy\"/><td style=\"vertical-align: top; text-align : left; background-color: #F7F7F7; border: 0px #F0F0F0 solid; padding:0px 4px 0px 4px\" class=\"hierarchy\">0..1</td><td style=\"vertical-align: top; text-align : left; background-color: #F7F7F7; border: 0px #F0F0F0 solid; padding:0px 4px 0px 4px\" class=\"hierarchy\"><a href=\"http://hl7.org/fhir/R4/datatypes.html#dateTime\">dateTime</a></td><td style=\"vertical-align: top; text-align : left; background-color: #F7F7F7; border: 0px #F0F0F0 solid; padding:0px 4px 0px 4px\" class=\"hierarchy\">When the hepatitis was reported</td></tr>\r\n<tr style=\"border: 0px #F0F0F0 solid; padding:0px; vertical-align: top; background-color: white\"><td style=\"vertical-align: top; text-align : left; background-color: white; border: 0px #F0F0F0 solid; padding:0px 4px 0px 4px; white-space: nowrap; background-image: url(tbl_bck10.png)\" class=\"hierarchy\"><img src=\"tbl_spacer.png\" alt=\".\" style=\"background-color: inherit\" class=\"hierarchy\"/><img src=\"tbl_vjoin.png\" alt=\".\" style=\"background-color: inherit\" class=\"hierarchy\"/><img src=\"icon_reference.png\" alt=\".\" style=\"background-color: white; background-color: inherit\" title=\"Reference to another Resource\" class=\"hierarchy\"/> <a href=\"StructureDefinition-ViralHepatitisModel-definitions.html#ViralHepatitisModel.recorder\" title=\"Who recorded the hepatitis\">recorder</a><a name=\"ViralHepatitisModel.recorder\"> </a></td><td style=\"vertical-align: top; text-align : left; background-color: white; border: 0px #F0F0F0 solid; padding:0px 4px 0px 4px\" class=\"hierarchy\"/><td style=\"vertical-align: top; text-align : left; background-color: white; border: 0px #F0F0F0 solid; padding:0px 4px 0px 4px\" class=\"hierarchy\">0..1</td><td style=\"vertical-align: top; text-align : left; background-color: white; border: 0px #F0F0F0 solid; padding:0px 4px 0px 4px\" class=\"hierarchy\"><a href=\"http://hl7.org/fhir/R4/references.html\">Reference</a>()</td><td style=\"vertical-align: top; text-align : left; background-color: white; border: 0px #F0F0F0 solid; padding:0px 4px 0px 4px\" class=\"hierarchy\">Who recorded the hepatitis</td></tr>\r\n<tr style=\"border: 0px #F0F0F0 solid; padding:0px; vertical-align: top; background-color: #F7F7F7\"><td style=\"vertical-align: top; text-align : left; background-color: #F7F7F7; border: 0px #F0F0F0 solid; padding:0px 4px 0px 4px; white-space: nowrap; background-image: url(tbl_bck10.png)\" class=\"hierarchy\"><img src=\"tbl_spacer.png\" alt=\".\" style=\"background-color: inherit\" class=\"hierarchy\"/><img src=\"tbl_vjoin.png\" alt=\".\" style=\"background-color: inherit\" class=\"hierarchy\"/><img src=\"icon_reference.png\" alt=\".\" style=\"background-color: #F7F7F7; background-color: inherit\" title=\"Reference to another Resource\" class=\"hierarchy\"/> <a href=\"StructureDefinition-ViralHepatitisModel-definitions.html#ViralHepatitisModel.asserter\" title=\" who asserted or provided the hepatitis information e.g. the patient, a relative, a care giver...\">asserter</a><a name=\"ViralHepatitisModel.asserter\"> </a></td><td style=\"vertical-align: top; text-align : left; background-color: #F7F7F7; border: 0px #F0F0F0 solid; padding:0px 4px 0px 4px\" class=\"hierarchy\"/><td style=\"vertical-align: top; text-align : left; background-color: #F7F7F7; border: 0px #F0F0F0 solid; padding:0px 4px 0px 4px\" class=\"hierarchy\">0..1</td><td style=\"vertical-align: top; text-align : left; background-color: #F7F7F7; border: 0px #F0F0F0 solid; padding:0px 4px 0px 4px\" class=\"hierarchy\"><a href=\"http://hl7.org/fhir/R4/references.html\">Reference</a>()</td><td style=\"vertical-align: top; text-align : left; background-color: #F7F7F7; border: 0px #F0F0F0 solid; padding:0px 4px 0px 4px\" class=\"hierarchy\">Who asserted the hepatitis</td></tr>\r\n<tr style=\"border: 0px #F0F0F0 solid; padding:0px; vertical-align: top; background-color: white\"><td style=\"vertical-align: top; text-align : left; background-color: white; border: 0px #F0F0F0 solid; padding:0px 4px 0px 4px; white-space: nowrap; background-image: url(tbl_bck01.png)\" class=\"hierarchy\"><img src=\"tbl_spacer.png\" alt=\".\" style=\"background-color: inherit\" class=\"hierarchy\"/><img src=\"tbl_vjoin_end.png\" alt=\".\" style=\"background-color: inherit\" class=\"hierarchy\"/><img src=\"icon_datatype.gif\" alt=\".\" style=\"background-color: white; background-color: inherit\" title=\"Data Type\" class=\"hierarchy\"/> <a href=\"StructureDefinition-ViralHepatitisModel-definitions.html#ViralHepatitisModel.reactions\" title=\"known past reactions to the allergen\">reactions</a><a name=\"ViralHepatitisModel.reactions\"> </a></td><td style=\"vertical-align: top; text-align : left; background-color: white; border: 0px #F0F0F0 solid; padding:0px 4px 0px 4px\" class=\"hierarchy\"/><td style=\"vertical-align: top; text-align : left; background-color: white; border: 0px #F0F0F0 solid; padding:0px 4px 0px 4px\" class=\"hierarchy\">0..1</td><td style=\"vertical-align: top; text-align : left; background-color: white; border: 0px #F0F0F0 solid; padding:0px 4px 0px 4px\" class=\"hierarchy\"><a href=\"http://hl7.org/fhir/R4/datatypes.html#BackboneElement\">BackboneElement</a></td><td style=\"vertical-align: top; text-align : left; background-color: white; border: 0px #F0F0F0 solid; padding:0px 4px 0px 4px\" class=\"hierarchy\">known past reactions to the allergen</td></tr>\r\n<tr style=\"border: 0px #F0F0F0 solid; padding:0px; vertical-align: top; background-color: #F7F7F7\"><td style=\"vertical-align: top; text-align : left; background-color: #F7F7F7; border: 0px #F0F0F0 solid; padding:0px 4px 0px 4px; white-space: nowrap; background-image: url(tbl_bck010.png)\" class=\"hierarchy\"><img src=\"tbl_spacer.png\" alt=\".\" style=\"background-color: inherit\" class=\"hierarchy\"/><img src=\"tbl_blank.png\" alt=\".\" style=\"background-color: inherit\" class=\"hierarchy\"/><img src=\"tbl_vjoin.png\" alt=\".\" style=\"background-color: inherit\" class=\"hierarchy\"/><img src=\"icon_datatype.gif\" alt=\".\" style=\"background-color: #F7F7F7; background-color: inherit\" title=\"Data Type\" class=\"hierarchy\"/> <a href=\"StructureDefinition-ViralHepatitisModel-definitions.html#ViralHepatitisModel.reactions.manifestation\" title=\"How the reaction manifested itself, e.g. rash, breathing difficulty...\">manifestation</a><a name=\"ViralHepatitisModel.reactions.manifestation\"> </a></td><td style=\"vertical-align: top; text-align : left; background-color: #F7F7F7; border: 0px #F0F0F0 solid; padding:0px 4px 0px 4px\" class=\"hierarchy\"/><td style=\"vertical-align: top; text-align : left; background-color: #F7F7F7; border: 0px #F0F0F0 solid; padding:0px 4px 0px 4px\" class=\"hierarchy\">0..1</td><td style=\"vertical-align: top; text-align : left; background-color: #F7F7F7; border: 0px #F0F0F0 solid; padding:0px 4px 0px 4px\" class=\"hierarchy\"><a href=\"http://hl7.org/fhir/R4/datatypes.html#CodeableConcept\">CodeableConcept</a></td><td style=\"vertical-align: top; text-align : left; background-color: #F7F7F7; border: 0px #F0F0F0 solid; padding:0px 4px 0px 4px\" class=\"hierarchy\">How the reaction manifested itself</td></tr>\r\n<tr style=\"border: 0px #F0F0F0 solid; padding:0px; vertical-align: top; background-color: white\"><td style=\"vertical-align: top; text-align : left; background-color: white; border: 0px #F0F0F0 solid; padding:0px 4px 0px 4px; white-space: nowrap; background-image: url(tbl_bck010.png)\" class=\"hierarchy\"><img src=\"tbl_spacer.png\" alt=\".\" style=\"background-color: inherit\" class=\"hierarchy\"/><img src=\"tbl_blank.png\" alt=\".\" style=\"background-color: inherit\" class=\"hierarchy\"/><img src=\"tbl_vjoin.png\" alt=\".\" style=\"background-color: inherit\" class=\"hierarchy\"/><img src=\"icon_datatype.gif\" alt=\".\" style=\"background-color: white; background-color: inherit\" title=\"Data Type\" class=\"hierarchy\"/> <a href=\"StructureDefinition-ViralHepatitisModel-definitions.html#ViralHepatitisModel.reactions.certitude\" title=\"How certain we are that the cause of the reaction was the allergen indicated\">certitude</a><a name=\"ViralHepatitisModel.reactions.certitude\"> </a></td><td style=\"vertical-align: top; text-align : left; background-color: white; border: 0px #F0F0F0 solid; padding:0px 4px 0px 4px\" class=\"hierarchy\"/><td style=\"vertical-align: top; text-align : left; background-color: white; border: 0px #F0F0F0 solid; padding:0px 4px 0px 4px\" class=\"hierarchy\">0..1</td><td style=\"vertical-align: top; text-align : left; background-color: white; border: 0px #F0F0F0 solid; padding:0px 4px 0px 4px\" class=\"hierarchy\"><a href=\"http://hl7.org/fhir/R4/datatypes.html#CodeableConcept\">CodeableConcept</a></td><td style=\"vertical-align: top; text-align : left; background-color: white; border: 0px #F0F0F0 solid; padding:0px 4px 0px 4px\" class=\"hierarchy\">How certain we are that the cause of the reaction was the allergen indicated</td></tr>\r\n<tr style=\"border: 0px #F0F0F0 solid; padding:0px; vertical-align: top; background-color: #F7F7F7\"><td style=\"vertical-align: top; text-align : left; background-color: #F7F7F7; border: 0px #F0F0F0 solid; padding:0px 4px 0px 4px; white-space: nowrap; background-image: url(tbl_bck010.png)\" class=\"hierarchy\"><img src=\"tbl_spacer.png\" alt=\".\" style=\"background-color: inherit\" class=\"hierarchy\"/><img src=\"tbl_blank.png\" alt=\".\" style=\"background-color: inherit\" class=\"hierarchy\"/><img src=\"tbl_vjoin.png\" alt=\".\" style=\"background-color: inherit\" class=\"hierarchy\"/><img src=\"icon_datatype.gif\" alt=\".\" style=\"background-color: #F7F7F7; background-color: inherit\" title=\"Data Type\" class=\"hierarchy\"/> <a href=\"StructureDefinition-ViralHepatitisModel-definitions.html#ViralHepatitisModel.reactions.exposure\" title=\"The exposure route to the substance\">exposure</a><a name=\"ViralHepatitisModel.reactions.exposure\"> </a></td><td style=\"vertical-align: top; text-align : left; background-color: #F7F7F7; border: 0px #F0F0F0 solid; padding:0px 4px 0px 4px\" class=\"hierarchy\"/><td style=\"vertical-align: top; text-align : left; background-color: #F7F7F7; border: 0px #F0F0F0 solid; padding:0px 4px 0px 4px\" class=\"hierarchy\">0..1</td><td style=\"vertical-align: top; text-align : left; background-color: #F7F7F7; border: 0px #F0F0F0 solid; padding:0px 4px 0px 4px\" class=\"hierarchy\"><a href=\"http://hl7.org/fhir/R4/datatypes.html#CodeableConcept\">CodeableConcept</a></td><td style=\"vertical-align: top; text-align : left; background-color: #F7F7F7; border: 0px #F0F0F0 solid; padding:0px 4px 0px 4px\" class=\"hierarchy\">The exposure route to the substance</td></tr>\r\n<tr style=\"border: 0px #F0F0F0 solid; padding:0px; vertical-align: top; background-color: white\"><td style=\"vertical-align: top; text-align : left; background-color: white; border: 0px #F0F0F0 solid; padding:0px 4px 0px 4px; white-space: nowrap; background-image: url(tbl_bck000.png)\" class=\"hierarchy\"><img src=\"tbl_spacer.png\" alt=\".\" style=\"background-color: inherit\" class=\"hierarchy\"/><img src=\"tbl_blank.png\" alt=\".\" style=\"background-color: inherit\" class=\"hierarchy\"/><img src=\"tbl_vjoin_end.png\" alt=\".\" style=\"background-color: inherit\" class=\"hierarchy\"/><img src=\"icon_primitive.png\" alt=\".\" style=\"background-color: white; background-color: inherit\" title=\"Primitive Data Type\" class=\"hierarchy\"/> <a href=\"StructureDefinition-ViralHepatitisModel-definitions.html#ViralHepatitisModel.reactions.note\" title=\"Additional text note about the allergic reaction\">note</a><a name=\"ViralHepatitisModel.reactions.note\"> </a></td><td style=\"vertical-align: top; text-align : left; background-color: white; border: 0px #F0F0F0 solid; padding:0px 4px 0px 4px\" class=\"hierarchy\"/><td style=\"vertical-align: top; text-align : left; background-color: white; border: 0px #F0F0F0 solid; padding:0px 4px 0px 4px\" class=\"hierarchy\">0..1</td><td style=\"vertical-align: top; text-align : left; background-color: white; border: 0px #F0F0F0 solid; padding:0px 4px 0px 4px\" class=\"hierarchy\"><a href=\"http://hl7.org/fhir/R4/datatypes.html#string\">string</a></td><td style=\"vertical-align: top; text-align : left; background-color: white; border: 0px #F0F0F0 solid; padding:0px 4px 0px 4px\" class=\"hierarchy\">Additional text note about the allergic reaction</td></tr>\r\n<tr><td colspan=\"5\" class=\"hierarchy\"><br/><a href=\"http://hl7.org/fhir/R4/formats.html#table\" title=\"Legend for this format\"><img src=\"http://hl7.org/fhir/R4/help16.png\" alt=\"doco\" style=\"background-color: inherit\"/> Documentation for this format</a></td></tr></table></div>"},"url":"http://example.com/fhir/example/StructureDefinition/ViralHepatitisModel","version":"0.1.0-test","name":"ViralHepatitisModel","title":"Viral Hepatitis Logical Model Philippines","status":"active","date":"2022-05-31T09:03:59+00:00","publisher":"Hepainformatics","contact":[{"telecom":[{"system":"url","value":"http://hepainformatics.hepafhir.org"}]}],"description":"Viral Hepatitis information model","jurisdiction":[{"coding":[{"system":"http://unstats.un.org/unsd/methods/m49/m49.htm","code":"001"}]}],"fhirVersion":"4.0.1","mapping":[{"identity":"rim","uri":"http://hl7.org/v3","name":"RIM Mapping"}],"kind":"logical","abstract":false,"type":"http://example.com/fhir/example/StructureDefinition/ViralHepatitisModel","baseDefinition":"http://hl7.org/fhir/StructureDefinition/Base","derivation":"specialization","snapshot":{"element":[{"id":"ViralHepatitisModel","path":"ViralHepatitisModel","short":"Viral Hepatitis Logical Model Philippines","definition":"Viral Hepatitis information model","min":0,"max":"*","base":{"path":"Base","min":0,"max":"*"},"isModifier":false},{"id":"ViralHepatitisModel.patient","path":"ViralHepatitisModel.patient","short":"The person that has hepatitis","definition":"The person that has hepatitis","min":1,"max":"1","base":{"path":"ViralHepatitisModel.patient","min":1,"max":"1"},"type":[{"code":"Reference"}]},{"id":"ViralHepatitisModel.allergen","path":"ViralHepatitisModel.allergen","short":"The substance that the person is allergic to","definition":"The substance - from a list of substances - that the person is allergic to. It is possible to use free text but for the products indicated, a code must be used","min":1,"max":"1","base":{"path":"ViralHepatitisModel.allergen","min":1,"max":"1"},"type":[{"code":"CodeableConcept"}]},{"id":"ViralHepatitisModel.clinicalStatus","path":"ViralHepatitisModel.clinicalStatus","short":"The status of the hepatitis infection - if it is active or resolved","definition":"The status of the hepatitis - if it is active or resolved","min":1,"max":"1","base":{"path":"ViralHepatitisModel.clinicalStatus","min":1,"max":"1"},"type":[{"code":"CodeableConcept"}]},{"id":"ViralHepatitisModel.verificationStatus","path":"ViralHepatitisModel.verificationStatus","short":"The verification status of the hepatitis - if it is confirmed or suspected or refuted","definition":"The verification status of the hepatitis - if it is confirmed or suspected or refuted","min":1,"max":"1","base":{"path":"ViralHepatitisModel.verificationStatus","min":1,"max":"1"},"type":[{"code":"CodeableConcept"}]},{"id":"ViralHepatitisModel.recordedDate","path":"ViralHepatitisModel.recordedDate","short":"When the hepatitis was reported","definition":"When the hepatitis was reported","min":0,"max":"1","base":{"path":"ViralHepatitisModel.recordedDate","min":0,"max":"1"},"type":[{"code":"dateTime"}]},{"id":"ViralHepatitisModel.recorder","path":"ViralHepatitisModel.recorder","short":"Who recorded the hepatitis","definition":"Who recorded the hepatitis","min":0,"max":"1","base":{"path":"ViralHepatitisModel.recorder","min":0,"max":"1"},"type":[{"code":"Reference"}]},{"id":"ViralHepatitisModel.asserter","path":"ViralHepatitisModel.asserter","short":"Who asserted the hepatitis","definition":" who asserted or provided the hepatitis information e.g. the patient, a relative, a care giver...","min":0,"max":"1","base":{"path":"ViralHepatitisModel.asserter","min":0,"max":"1"},"type":[{"code":"Reference"}]},{"id":"ViralHepatitisModel.reactions","path":"ViralHepatitisModel.reactions","short":"known past reactions to the allergen","definition":"known past reactions to the allergen","min":0,"max":"1","base":{"path":"ViralHepatitisModel.reactions","min":0,"max":"1"},"type":[{"code":"BackboneElement"}]},{"id":"ViralHepatitisModel.reactions.manifestation","path":"ViralHepatitisModel.reactions.manifestation","short":"How the reaction manifested itself","definition":"How the reaction manifested itself, e.g. rash, breathing difficulty...","min":0,"max":"1","base":{"path":"ViralHepatitisModel.reactions.manifestation","min":0,"max":"1"},"type":[{"code":"CodeableConcept"}]},{"id":"ViralHepatitisModel.reactions.certitude","path":"ViralHepatitisModel.reactions.certitude","short":"How certain we are that the cause of the reaction was the allergen indicated","definition":"How certain we are that the cause of the reaction was the allergen indicated","min":0,"max":"1","base":{"path":"ViralHepatitisModel.reactions.certitude","min":0,"max":"1"},"type":[{"code":"CodeableConcept"}]},{"id":"ViralHepatitisModel.reactions.exposure","path":"ViralHepatitisModel.reactions.exposure","short":"The exposure route to the substance","definition":"The exposure route to the substance","min":0,"max":"1","base":{"path":"ViralHepatitisModel.reactions.exposure","min":0,"max":"1"},"type":[{"code":"CodeableConcept"}]},{"id":"ViralHepatitisModel.reactions.note","path":"ViralHepatitisModel.reactions.note","short":"Additional text note about the allergic reaction","definition":"Additional text note about the allergic reaction","min":0,"max":"1","base":{"path":"ViralHepatitisModel.reactions.note","min":0,"max":"1"},"type":[{"code":"string"}]}]},"differential":{"element":[{"id":"ViralHepatitisModel","path":"ViralHepatitisModel","short":"Viral Hepatitis Logical Model Philippines","definition":"Viral Hepatitis information model"},{"id":"ViralHepatitisModel.patient","path":"ViralHepatitisModel.patient","short":"The person that has hepatitis","definition":"The person that has hepatitis","min":1,"max":"1","type":[{"code":"Reference"}]},{"id":"ViralHepatitisModel.allergen","path":"ViralHepatitisModel.allergen","short":"The substance that the person is allergic to","definition":"The substance - from a list of substances - that the person is allergic to. It is possible to use free text but for the products indicated, a code must be used","min":1,"max":"1","type":[{"code":"CodeableConcept"}]},{"id":"ViralHepatitisModel.clinicalStatus","path":"ViralHepatitisModel.clinicalStatus","short":"The status of the hepatitis infection - if it is active or resolved","definition":"The status of the hepatitis - if it is active or resolved","min":1,"max":"1","type":[{"code":"CodeableConcept"}]},{"id":"ViralHepatitisModel.verificationStatus","path":"ViralHepatitisModel.verificationStatus","short":"The verification status of the hepatitis - if it is confirmed or suspected or refuted","definition":"The verification status of the hepatitis - if it is confirmed or suspected or refuted","min":1,"max":"1","type":[{"code":"CodeableConcept"}]},{"id":"ViralHepatitisModel.recordedDate","path":"ViralHepatitisModel.recordedDate","short":"When the hepatitis was reported","definition":"When the hepatitis was reported","min":0,"max":"1","type":[{"code":"dateTime"}]},{"id":"ViralHepatitisModel.recorder","path":"ViralHepatitisModel.recorder","short":"Who recorded the hepatitis","definition":"Who recorded the hepatitis","min":0,"max":"1","type":[{"code":"Reference"}]},{"id":"ViralHepatitisModel.asserter","path":"ViralHepatitisModel.asserter","short":"Who asserted the hepatitis","definition":" who asserted or provided the hepatitis information e.g. the patient, a relative, a care giver...","min":0,"max":"1","type":[{"code":"Reference"}]},{"id":"ViralHepatitisModel.reactions","path":"ViralHepatitisModel.reactions","short":"known past reactions to the allergen","definition":"known past reactions to the allergen","min":0,"max":"1","type":[{"code":"BackboneElement"}]},{"id":"ViralHepatitisModel.reactions.manifestation","path":"ViralHepatitisModel.reactions.manifestation","short":"How the reaction manifested itself","definition":"How the reaction manifested itself, e.g. rash, breathing difficulty...","min":0,"max":"1","type":[{"code":"CodeableConcept"}]},{"id":"ViralHepatitisModel.reactions.certitude","path":"ViralHepatitisModel.reactions.certitude","short":"How certain we are that the cause of the reaction was the allergen indicated","definition":"How certain we are that the cause of the reaction was the allergen indicated","min":0,"max":"1","type":[{"code":"CodeableConcept"}]},{"id":"ViralHepatitisModel.reactions.exposure","path":"ViralHepatitisModel.reactions.exposure","short":"The exposure route to the substance","definition":"The exposure route to the substance","min":0,"max":"1","type":[{"code":"CodeableConcept"}]},{"id":"ViralHepatitisModel.reactions.note","path":"ViralHepatitisModel.reactions.note","short":"Additional text note about the allergic reaction","definition":"Additional text note about the allergic reaction","min":0,"max":"1","type":[{"code":"string"}]}]}}