{"resourceType":"ValueSet","id":"hepatitis-condition-status-trend-vs","text":{"status":"generated","div":"<div xmlns=\"http://www.w3.org/1999/xhtml\"><ul><li>Include these codes as defined in <a href=\"http://www.snomed.org/\"><code>http://snomed.info/sct</code></a><table class=\"none\"><tr><td style=\"white-space:nowrap\"><b>Code</b></td><td><b>Display</b></td></tr><tr><td><a href=\"http://snomed.info/id/260415000\">260415000</a></td><td>Not detected (qualifier)</td></tr><tr><td><a href=\"http://snomed.info/id/268910001\">268910001</a></td><td>Patient condition improved (finding)</td></tr><tr><td><a href=\"http://snomed.info/id/359746009\">359746009</a></td><td>Patient's condition stable (finding)</td></tr><tr><td><a href=\"http://snomed.info/id/271299001\">271299001</a></td><td>Patient's condition worsened (finding)</td></tr><tr><td><a href=\"http://snomed.info/id/709137006\">709137006</a></td><td>Patient condition undetermined (finding)</td></tr></table></li></ul></div>"},"url":"http://example.com/fhir/example/ValueSet/hepatitis-condition-status-trend-vs","version":"0.1.0-test","name":"HepatitisConditionStatusTrendVS","title":"Condition Status Trend Value Set","status":"active","date":"2022-03-09T11:49:10+00:00","publisher":"Hepainformatics","contact":[{"telecom":[{"system":"url","value":"http://hepainformatics.hepafhir.org"}]}],"description":"How patient's given disease, condition, or ability is trending.","jurisdiction":[{"coding":[{"system":"http://unstats.un.org/unsd/methods/m49/m49.htm","code":"001"}]}],"compose":{"include":[{"system":"http://snomed.info/sct","concept":[{"code":"260415000","display":"Not detected (qualifier)"},{"code":"268910001","display":"Patient condition improved (finding)"},{"code":"359746009","display":"Patient's condition stable (finding)"},{"code":"271299001","display":"Patient's condition worsened (finding)"},{"code":"709137006","display":"Patient condition undetermined (finding)"}]}]}}